,native_regions_H,native_regions_Hbc,native_regions_G,native_regions_J,native_regions_FAD,native_regions_MFAD,native_regions_APWD
phylogenetic_diversity,9.460033723913368e-30,2.4791706332837617e-26,4.018681579767491e-16,0.05240485618764927,1.0560825722271784e-158,1.0581926114177579e-160,1.597886306199282e-91
number_of_species_in_group,5.461724907938063e-37,4.595910345692712e-33,2.1826724190390835e-22,0.31940488996860383,6.701309725792332e-153,1.196619117129004e-154,6.645028922374705e-83
