,native_regions_H,native_regions_Hbc,native_regions_G,native_regions_J,native_regions_FAD,native_regions_MFAD,native_regions_APWD
phylogenetic_diversity,3.4359908259848205e-27,6.683117243048522e-24,3.408776798381131e-14,0.163856350725001,7.39420919191965e-154,7.818743457359889e-156,1.1149767549341484e-87
number_of_species_in_group,3.939445866668553e-34,2.495029615816927e-30,3.9461131949411904e-20,0.698390445972678,8.536014822772475e-148,1.613304443102179e-149,3.641479690527848e-79
