,Hp-val,Hbcp-val,Gp-val,Jp-val,FADp-val,MFADp-val,APWDp-val
Phylogenetic Diversity,0.01330124339283371,0.008851554379942509,5.1535995229851066e-05,0.0003302205583591013,3.979644488387257e-16,1.2620175740841314e-16,1.757750487767759e-10
