,H,Hbc,G,J,FAD,MFAD,APWD
phylogenetic_diversity,-0.13247742752471603,-0.1402723046413421,-0.21497905861885036,-0.18884565587984375,0.42190893473879626,0.42837873855216546,0.3386689704158622
