,Model,R-squared,AIC
0,Linear,0.9041935233749141,170.44880162333834
1,LOESS,0.904298327208085,?
2,Polynomial 2,0.9090436995649149,154.8893256984369
3,Polynomial 3,0.9127370947791849,142.87796996335817
4,Polynomial 4,0.9180088059615014,123.81597003282172
5,Polynomial 5,0.9182699540613397,124.7376965892887
6,Polynomial 6,0.9189830440134412,123.77572563564911
7,Polynomial 7,0.9190311883091782,125.57480955923609
