,FAD,MFAD,APWD,bc_shannon,pielou,shannon,simpson,N
FAD,1.0,0.9264772642910092,0.2045659717739709,0.21501819213820755,0.028241532764060263,0.2721066517099848,0.20610977864351476,0.9201908904911638
MFAD,0.9264772642910092,1.0,0.3357313752816075,0.34037388826844694,0.07795329233600794,0.42669244568010073,0.33327954847541974,0.9976939380306076
APWD,0.2045659717739709,0.3357313752816075,1.0,0.6350473775681149,0.56968961351748,0.6722328491083885,0.665180839131803,0.31995795612101086
bc_shannon,0.21501819213820755,0.34037388826844694,0.6350473775681149,1.0,0.7809558630451042,0.9533171379261393,0.9368415601738291,0.3238060621544409
pielou,0.028241532764060263,0.07795329233600794,0.56968961351748,0.7809558630451042,1.0,0.7758359386470722,0.8818770454043663,0.06283780188127915
shannon,0.2721066517099848,0.42669244568010073,0.6722328491083885,0.9533171379261393,0.7758359386470722,1.0,0.9746337787455124,0.41041119924962155
simpson,0.20610977864351476,0.33327954847541974,0.665180839131803,0.9368415601738291,0.8818770454043663,0.9746337787455124,1.0,0.3169888014228546
N,0.9201908904911638,0.9976939380306076,0.31995795612101086,0.3238060621544409,0.06283780188127915,0.41041119924962155,0.3169888014228546,1.0
