,FAD,MFAD,APWD,shannon,bc_shannon,pielou,simpson,N
FAD,1.0,0.9286386127684936,0.19514264873078196,0.22298834431528636,0.18912513331985734,0.05874403745545749,0.16593933900192823,0.9222296973962568
MFAD,0.9286386127684936,1.0,0.33795407847629216,0.37600610421146907,0.32546021965533206,0.15304867865466207,0.3037297013937339,0.9980620368654508
APWD,0.19514264873078196,0.33795407847629216,1.0,0.6175859664519017,0.6039534449324124,0.5875905523437568,0.6126255432750773,0.3380583369811842
shannon,0.22298834431528636,0.37600610421146907,0.6175859664519017,1.0,0.9726820794014005,0.8772488435727922,0.9851708453427636,0.3645513943470188
bc_shannon,0.18912513331985734,0.32546021965533206,0.6039534449324124,0.9726820794014005,1.0,0.8649578098897199,0.9565780110739028,0.31451265315588495
pielou,0.05874403745545749,0.15304867865466207,0.5875905523437568,0.8772488435727922,0.8649578098897199,1.0,0.9348479233533378,0.14534922871717662
simpson,0.16593933900192823,0.3037297013937339,0.6126255432750773,0.9851708453427636,0.9565780110739028,0.9348479233533378,1.0,0.2922680058577727
N,0.9222296973962568,0.9980620368654508,0.3380583369811842,0.3645513943470188,0.31451265315588495,0.14534922871717662,0.2922680058577727,1.0
