,H_Raren,H_Rarer,H_RareCI95%,H_Rarep-val,Hbc_Raren,Hbc_Rarer,Hbc_RareCI95%,Hbc_Rarep-val,G_Raren,G_Rarer,G_RareCI95%,G_Rarep-val,J_Raren,J_Rarer,J_RareCI95%,J_Rarep-val,FAD_Raren,FAD_Rarer,FAD_RareCI95%,FAD_Rarep-val,MFAD_Raren,MFAD_Rarer,MFAD_RareCI95%,MFAD_Rarep-val,APWD_Raren,APWD_Rarer,APWD_RareCI95%,APWD_Rarep-val
Phylogenetic Diversity,338,-0.24238697238411877,[-0.34 -0.14],6.782951100890861e-06,338,-0.15368381561594835,[-0.26 -0.05],0.004689924180105589,338,-0.27353521533326425,[-0.37 -0.17],3.38971822501211e-07,338,-0.294112065970318,[-0.39 -0.19],3.7707434891483305e-08,338,0.5298685190062972,[0.45 0.6 ],8.669331969355646e-26,338,0.5090752721151823,[0.43 0.58],1.2816677139579103e-23,338,0.46739926753372174,[0.38 0.55],1.0815471958972191e-19
