,H,Hbc,G,J,FAD,MFAD,APWD
PD,0.3408668018196823,0.4248521640525863,0.2880584043866426,0.17245540914797633,0.8015173530204474,0.8107639269261531,0.8170459349995848
SR,0.42139846923924895,0.4835745132951967,0.3763240660907282,0.2646933409130787,0.7280072035760798,0.7446732101108547,0.762369321755133
PD',-0.11528849860653026,-0.04064014359944225,-0.14491799702327082,-0.1741229871401124,0.39171083837156434,0.36883400529047883,0.3319038031875182
