,native_regions_H,native_regions_Hbc,native_regions_G,native_regions_J,native_regions_FAD,native_regions_MFAD,native_regions_APWD
PD,1.2158093850219486e-10,3.0258016266895956e-16,7.008027652218157e-08,0.0014591516218967892,4.994234191943422e-77,3.857745050295956e-80,2.3577741937165545e-82
SR,5.546568970878124e-16,3.2744035402961643e-21,8.196056685421191e-13,7.948531057677852e-07,4.880622334272271e-57,5.829289682690626e-61,1.7834684680643068e-65
PD',0.034109831490292064,0.45645322982406566,0.007618718518224969,0.001309275036869304,7.680438073395229e-14,2.482340669617576e-12,3.9084299462717685e-10
