,H_Rare,Hbc_Rare,G_Rare,J_Rare,FAD_Rare,MFAD_Rare,APWD_Rare
PD,0.3408668018196823,0.4248521640525863,0.2880584043866426,0.17245540914797633,0.8015173530204474,0.8107639269261531,0.8170459349995848
SR,0.42139846923924895,0.4835745132951967,0.3763240660907282,0.2646933409130787,0.7280072035760798,0.7446732101108547,0.762369321755133
PD',-0.1526598350665235,-0.11652768370597912,-0.15296656251308302,-0.11196421948206518,0.3086495430711272,0.2837912569006157,0.24711774868910202
