,H,Hbc,G,J,FAD,MFAD,APWD
No. of Regions,0.23359670111970954,0.23013580845330037,0.2179240552811725,-0.05944850593597656,0.24895401472963422,0.25474594439064835,0.19836008641085592
