,accepted_species_H,accepted_species_Hbc,accepted_species_G,accepted_species_J,accepted_species_FAD,accepted_species_MFAD,accepted_species_APWD
No. of Regions,1.2835529609270622e-09,2.2727393737313224e-09,1.5880293814723615e-08,0.2207707157989607,9.107034804033747e-11,3.2019651655251706e-11,2.843591134261236e-07
