,native_regions_H,native_regions_Hbc,native_regions_G,native_regions_J,native_regions_FAD,native_regions_MFAD,native_regions_APWD
f_value,136.64253741174983,116.03127536579744,68.2558197325875,0.8240690948895888,1758.9580911094565,1794.922754288523,600.7456921135985
p_value,1.0193038818118875e-26,1.9354971332434319e-23,3.352261115017055e-15,0.36464374422550805,1.3922065720081742e-135,7.963278607320607e-137,8.447910912575341e-77
