,native_regions_H,native_regions_Hbc,native_regions_G,native_regions_J,native_regions_FAD,native_regions_MFAD,native_regions_APWD
PD,3.4359908259848205e-27,6.683117243048524e-24,3.408776798381131e-14,0.163856350725001,7.39420919191965e-154,7.818743457359889e-156,1.1149767549341484e-87
SR,3.939445866668553e-34,2.4950296158169273e-30,3.9461131949411904e-20,0.698390445972678,8.536014822772475e-148,1.6133044431021795e-149,3.641479690527848e-79
PD',0.06349766011398479,0.07448653654342145,0.042578190765092824,0.5023876763185517,0.46251834413737003,0.45095797348921407,0.005516960791774956
