,index,metric,value,pvalue,holm_adjusted_p_value
0,G,lambda,0.606089897221541,6.88918702197334e-12,4.133512213184004e-11
1,Hbc,lambda,0.591301697779379,5.1580322697069196e-11,2.57901613485346e-10
2,H,lambda,0.582939501009283,3.43884664526531e-10,1.375538658106124e-09
3,APWD,lambda,0.420120836840235,0.152237610154495,0.456712830463485
4,FAD,lambda,0.027054358643566,0.241973600838239,0.483947201676478
5,MFAD,lambda,0.0190511554869251,0.403959253431508,0.403959253431508
