,H_Rare,Hbc_Rare,G_Rare,J_Rare,FAD_Rare,MFAD_Rare,APWD_Rare
H_Rare,1.0,0.9703114671763393,0.9890315558398378,0.8664139675541667,0.33379914236994723,0.35963612549060314,0.39987115703728354
Hbc_Rare,0.9703114671763393,1.0,0.9301136840691172,0.7531448216272988,0.4242936154037563,0.4472056800817023,0.4802798518000614
G_Rare,0.9890315558398378,0.9301136840691172,1.0,0.9244445937095934,0.29445685210995615,0.3206235755143414,0.36242273620319326
J_Rare,0.8664139675541667,0.7531448216272988,0.9244445937095934,1.0,0.21557656462527916,0.23805263937251644,0.2753267252973387
FAD_Rare,0.33379914236994723,0.4242936154037563,0.29445685210995615,0.21557656462527916,1.0,0.9982648944144134,0.9852251927683071
MFAD_Rare,0.35963612549060314,0.4472056800817023,0.3206235755143414,0.23805263937251644,0.9982648944144134,1.0,0.9929114998450526
APWD_Rare,0.39987115703728354,0.4802798518000614,0.36242273620319326,0.2753267252973387,0.9852251927683071,0.9929114998450526,1.0
