,H_Rare,Hbc_Rare,G_Rare,J_Rare,FAD_Rare,MFAD_Rare,APWD_Rare
H_Rare,0.0,1.968166766703184e-210,7.88632131309351e-283,5.662098471942073e-104,2.713834081468502e-10,8.084514892924447e-12,1.7416975091821808e-14
Hbc_Rare,1.968166766703184e-210,0.0,4.307316291387048e-149,1.93757606624868e-63,2.729950769775319e-16,4.02292791808777e-18,5.066015425364969e-21
G_Rare,7.88632131309351e-283,4.307316291387048e-149,0.0,1.3981517553669672e-143,3.1540978534171274e-08,1.4420492132731557e-09,5.42783308597958e-12
J_Rare,5.662098471942073e-104,1.93757606624868e-63,1.3981517553669672e-143,0.0,6.133440629299063e-05,9.111120364793686e-06,2.4945729149950055e-07
FAD_Rare,2.713834081468502e-10,2.729950769775319e-16,3.1540978534171274e-08,6.133440629299063e-05,0.0,0.0,4.193986033424147e-261
MFAD_Rare,8.084514892924447e-12,4.02292791808777e-18,1.4420492132731557e-09,9.111120364793686e-06,0.0,0.0,9.940118636e-315
APWD_Rare,1.7416975091821808e-14,5.066015425364969e-21,5.42783308597958e-12,2.4945729149950055e-07,4.193986033424147e-261,9.940118636e-315,0.0
