,Genus,H,Hbc,G,J,H_minmax,Hbc_minmax,G_minmax,J_minmax,FAD,MFAD,APWD,N,MFAD_minmax,APWD_minmax,FAD_minmax,MFAD_scaled,APWD_scaled,H_scaled,Hbc_scaled,G_scaled,J_scaled,pathway_mean,distance_mean,mean
63,Coffea,1.7676925672643722,1.767692678779552,0.8114009985119179,0.90841428013649,1.0,1.0,1.0,0.90841428013649,53526.30742129305,155.5997308758519,0.9072870605005942,344,0.6953045222983052,0.9542157015609696,0.4521450957856654,4.633091635933013,1.177667646435694,2.868085502404163,2.5150567909471246,2.082975075279956,1.1934769574381006,2.164898581517336,2.9053796411843535,2.4117256014063417
46,Catharanthus,1.315689009916,1.315690476333968,0.6409529371205032,0.7343000176708089,0.7442974158974491,0.744298198509452,0.7899336312082302,0.7343000176708089,58104.51402879658,157.89270116520808,0.8604506875488179,368,0.7055507650309296,0.9049567575944464,0.4908179234997772,4.708502373517401,0.98917762144703,1.8535932660651397,1.5883921835383847,1.4098973887154553,0.7355874914292925,1.3968675824370682,2.848839997482216,1.8808583874521174
124,Gentiana,1.2692993309586007,1.2693045724738885,0.6522436336723225,0.7084094448823836,0.7180543463634801,0.718057266238292,0.8038486948728376,0.7084094448823836,61610.16204309426,160.44313032055797,0.8378231348332009,384,0.7169474744952352,0.8811588142211251,0.5204306809190365,4.792380365593638,0.8981144645883559,1.7494746847322296,1.4932949137524594,1.454482911441636,0.6674999012406889,1.3411881027917534,2.8452474150909968,1.8425412068915012
279,Strychnos,0.9860239029625972,0.9864423464207576,0.4972548846904773,0.5503104182769614,0.5578028222908343,0.5580395044130724,0.6128349430213001,0.5503104182769614,118383.0321730762,223.78645023265824,0.8476759478509782,529,1.0,0.8915212554984426,1.0,6.8756025066692334,0.9377664883230213,1.113681630063709,0.9133897446225744,0.8424520807203141,0.25172765005513215,0.7803127763654324,3.9066844974961272,1.8224366834089973
250,Rubia,1.366317908673616,1.3667996796375397,0.7162675868647337,0.8489410483733469,0.7729386511977525,0.7732111447003355,0.8827541353515023,0.8489410483733469,31368.83656505907,113.6552049458662,0.8265833086972088,276,0.5078734875489792,0.869337617767754,0.2649774717646848,3.2536286517458874,0.852880494156385,1.9672264972399316,1.6931728451325712,1.707305348656123,1.0370729618767878,1.6011944132263536,2.0532545729511362,1.7518811331346142
