,Genus,H,Hbc,G,J,H_minmax,Hbc_minmax,G_minmax,J_minmax,FAD,MFAD,APWD,N,MFAD_minmax,APWD_minmax,FAD_minmax,MFAD_scaled,APWD_scaled,H_scaled,Hbc_scaled,G_scaled,J_scaled,pathway_mean,distance_mean,mean
63,Coffea,1.7739530864258155,1.773953339921928,0.8134430727023321,0.9116315505559296,1.0,1.0,1.0,0.9116315505559296,49581.33734671015,149.7925599598494,0.90783369672636,331,0.748322502002753,0.9547906120742752,0.5236675436848018,4.901367042740361,1.150256302811271,2.845947215771076,2.4622694437120467,2.0698306893502183,1.1898314025672532,2.1419696878501484,3.025811672775816,2.4365836828253706
124,Gentiana,1.2958664255579295,1.2958809133837974,0.6620540761077442,0.7232368226948612,0.7304964463118123,0.7305045088958367,0.8138910986214932,0.7232368226948612,49657.63545070438,144.3535914264662,0.8417119033613191,344,0.7211509085517398,0.8852487259489735,0.524473388037629,4.705528139435061,0.8857593737188901,1.7817206918318034,1.499315487760354,1.4747916759845316,0.6951565463707167,1.3627461004868513,2.7956437565769754,1.8403786525168926
46,Catharanthus,1.3540620534346022,1.3540732305993357,0.6609251138471919,0.7557164210316543,0.7633020646350827,0.7633082562695412,0.8125032175288411,0.7557164210316543,39379.99168765256,130.39732346904822,0.8664273984654366,302,0.6514292257170566,0.9112426087308902,0.415923099717867,4.203010025156594,0.9846250006680392,1.9112648432022374,1.6165289452995728,1.4703542557970848,0.7804394033752017,1.4446468619185244,2.5938175129123167,1.827703745583122
279,Strychnos,0.9764865086894494,0.9769421334170494,0.4843522628893515,0.5449874971835086,0.5504579101676739,0.5507146729462709,0.5954347380208047,0.5449874971835086,94680.94393979362,200.171128836773,0.8481827493083601,473,1.0,0.8920542708243098,1.0,6.715329307532187,0.911643712217899,1.0707772446167345,0.85689533795301,0.7763293439173533,0.22712084035306754,0.7327806917100412,3.813486509875043,1.759682631098375
250,Rubia,1.3572911145728053,1.357789952325872,0.7112344224688449,0.8433323858514366,0.7651223276188739,0.765403419452751,0.8743505800670959,0.8433323858514366,28432.07184770387,108.10673706351282,0.8252422676604032,263,0.5400715762145054,0.8679272125393895,0.3002934979797355,3.4004012273857587,0.8198784009794905,1.9184527712328145,1.6240153253772875,1.6680965094531108,1.0104958136039885,1.5552651049168003,2.1101398141826246,1.7402233413387418
