,Genus,H,Hbc,G,J,H_minmax,Hbc_minmax,G_minmax,J_minmax,FAD,MFAD,APWD,N,MFAD_minmax,APWD_minmax,FAD_minmax,FAD_scaled,MFAD_scaled,APWD_scaled,H_scaled,Hbc_scaled,G_scaled,J_scaled,pathway_mean,distance_mean,mean
253,Strychnos,0.9860239029625972,0.9864423464207576,0.4972548846904773,0.5503104182769614,0.5578028222908343,0.5580395044130724,0.6128349430213001,0.5503104182769614,114710.21134839792,220.17315038080216,0.8468198091569313,521,1.0,0.8906208337684968,1.0,9.155259372358474,6.608736166820079,1.0394104620468767,1.0247249071265485,0.8147419699593721,0.7539796601309903,0.1523879080643021,0.6864586113203033,5.6011353337418095,2.792748635215235
55,Coffea,1.7676925672643722,1.767692678779552,0.8114009985119179,0.90841428013649,1.0,1.0,1.0,0.90841428013649,43018.318616790086,139.2178596012624,0.9040120753328728,309,0.6323107943020168,0.9507713206087112,0.3750173424939025,3.2810477001964498,3.9893225279395246,1.3797806203025222,2.8011563825219175,2.4464296167735666,2.015350169918712,1.1233253282094229,2.096565374355905,2.8833836161461655,2.4337731922660164
39,Catharanthus,1.315689009916,1.315690476333968,0.6409529371205032,0.7343000176708089,0.7442974158974491,0.744298198509452,0.7899336312082302,0.7343000176708089,57415.36512486398,156.87258230837153,0.8595757934705289,366,0.7124964240056126,0.9040366103741768,0.5005253189751521,4.4606971057295945,4.560564024379725,1.1153255584371673,1.7739265817961052,1.5023962135025724,1.3309611272714368,0.6512442623112487,1.3146320462203407,3.3788622295154958,2.199302124775407
110,Gentiana,1.2692993309586007,1.2693045724738885,0.6522436336723225,0.7084094448823836,0.7180543463634801,0.718057266238292,0.8038486948728376,0.7084094448823836,57107.70235757728,154.3451415069656,0.8365590325580792,370,0.7010170915028321,0.8798293273455661,0.4978432319693817,4.43548817136025,4.4787853927064125,0.9783451749321256,1.6685007286220868,1.4055165026341194,1.3762959286228926,0.5810463989909866,1.2578398897175214,3.297539579666262,2.131996899695553
256,Tabernaemontana,0.4259049322008284,0.4376357156857095,0.1934633859425546,0.2646296131776176,0.2409383509825728,0.2475745478494946,0.2384312889648397,0.2646296131776176,100485.61906977808,199.3762283130517,0.7927484227159115,504,0.9055428782674864,0.8337526514770793,0.8759954139094304,7.9897403323237715,5.935824726611042,0.7176136949207989,-0.24820954076520546,-0.33147322223953685,-0.4658146355343987,-0.6221867710463732,-0.4169210423963785,4.881059584618537,1.8536420834671568
