,Genus,H,Hbc,G,J,H_minmax,Hbc_minmax,G_minmax,J_minmax,FAD,MFAD,APWD,N,MFAD_minmax,APWD_minmax,FAD_minmax,MFAD_scaled,APWD_scaled,H_scaled,Hbc_scaled,G_scaled,J_scaled,pathway_mean,distance_mean,mean
55,Coffea,1.7676925672643722,1.767692678779552,0.8114009985119179,0.90841428013649,1.0,1.0,1.0,0.90841428013649,43018.318616790086,139.2178596012624,0.9040120753328728,309,0.6323107943020168,0.9507713206087112,0.3750173424939025,3.9893225279395246,1.3797806203025222,2.8011563825219175,2.4464296167735666,2.015350169918712,1.1233253282094229,2.096565374355905,2.6845515741210235,2.2925607742776113
39,Catharanthus,1.315689009916,1.315690476333968,0.6409529371205032,0.7343000176708089,0.7442974158974491,0.744298198509452,0.7899336312082302,0.7343000176708089,57415.36512486398,156.87258230837153,0.8595757934705289,366,0.7124964240056126,0.9040366103741768,0.5005253189751521,4.560564024379725,1.1153255584371673,1.7739265817961052,1.5023962135025724,1.3309611272714368,0.6512442623112487,1.3146320462203407,2.837944791408446,1.8224029612830426
110,Gentiana,1.2692993309586007,1.2693045724738885,0.6522436336723225,0.7084094448823836,0.7180543463634801,0.718057266238292,0.8038486948728376,0.7084094448823836,57107.70235757728,154.3451415069656,0.8365590325580792,370,0.7010170915028321,0.8798293273455661,0.4978432319693817,4.4787853927064125,0.9783451749321256,1.6685007286220868,1.4055165026341194,1.3762959286228926,0.5810463989909866,1.2578398897175214,2.728565283819269,1.7480816877514371
253,Strychnos,0.9860239029625972,0.9864423464207576,0.4972548846904773,0.5503104182769614,0.5578028222908343,0.5580395044130724,0.6128349430213001,0.5503104182769614,114710.21134839792,220.17315038080216,0.8468198091569313,521,1.0,0.8906208337684968,1.0,6.608736166820079,1.0394104620468767,1.0247249071265485,0.8147419699593721,0.7539796601309903,0.1523879080643021,0.6864586113203033,3.8240733144334778,1.7323301790246948
227,Rubia,1.366317908673616,1.3667996796375397,0.7162675868647337,0.8489410483733469,0.7729386511977525,0.7732111447003355,0.8827541353515023,0.8489410483733469,29305.931259075696,109.76004216882284,0.8252634749535551,267,0.4985169262418533,0.8679495167614977,0.2554779641201052,3.03617656291154,0.9111215626064626,1.8889865470026834,1.609140815347623,1.633367154157261,0.9620738244810153,1.5233920852471456,1.973649062759001,1.673477744417764
